<?xml version="1.0" encoding="utf-8"?>
<databaseChangeLog
    xmlns="http://www.liquibase.org/xml/ns/dbchangelog"
    xmlns:ext="http://www.liquibase.org/xml/ns/dbchangelog-ext"
    xmlns:xsi="http://www.w3.org/2001/XMLSchema-instance"
    xsi:schemaLocation="http://www.liquibase.org/xml/ns/dbchangelog http://www.liquibase.org/xml/ns/dbchangelog/dbchangelog-latest.xsd
                        http://www.liquibase.org/xml/ns/dbchangelog-ext http://www.liquibase.org/xml/ns/dbchangelog/dbchangelog-ext.xsd">

    <!--
        Added the entity Book.
    -->
    <changeSet id="20230507175944-1" author="jhipster">
        <createTable tableName="book">
            <column name="id" type="bigint" autoIncrement="true">
                <constraints primaryKey="true" nullable="false"/>
            </column>
            <column name="title" type="varchar(100)">
                <constraints nullable="false" />
            </column>
            <column name="author" type="varchar(50)">
                <constraints nullable="false" />
            </column>
            <column name="isbn" type="varchar(13)">
                <constraints nullable="true" />
            </column>
            <column name="publisher" type="varchar(50)">
                <constraints nullable="false" />
            </column>
            <column name="price" type="integer">
                <constraints nullable="true" />
            </column>
            <column name="book_state" type="varchar(255)">
                <constraints nullable="true" />
            </column>
            <column name="issued_date" type="date">
                <constraints nullable="true" />
            </column>
            <column name="return_date" type="date">
                <constraints nullable="true" />
            </column>
            <column name="created_date" type="date">
                <constraints nullable="true" />
            </column>
            <!-- jhipster-needle-liquibase-add-column - JHipster will add columns here -->
        </createTable>
    </changeSet>

    <changeSet id="20230507175944-1-relations" author="jhipster">

        <createTable tableName="rel_book__course">
            <column name="course_id" type="bigint">
                <constraints nullable="false"/>
            </column>
            <column name="book_id" type="bigint">
                <constraints nullable="false"/>
            </column>
        </createTable>

        <addPrimaryKey columnNames="book_id, course_id" tableName="rel_book__course"/>

        <createTable tableName="rel_book__student">
            <column name="student_id" type="bigint">
                <constraints nullable="false"/>
            </column>
            <column name="book_id" type="bigint">
                <constraints nullable="false"/>
            </column>
        </createTable>

        <addPrimaryKey columnNames="book_id, student_id" tableName="rel_book__student"/>

        <createTable tableName="rel_book__book_history">
            <column name="book_history_id" type="bigint">
                <constraints nullable="false"/>
            </column>
            <column name="book_id" type="bigint">
                <constraints nullable="false"/>
            </column>
        </createTable>

        <addPrimaryKey columnNames="book_id, book_history_id" tableName="rel_book__book_history"/>
    </changeSet>

    <!-- jhipster-needle-liquibase-add-changeset - JHipster will add changesets here -->

    <!--
        Load sample data generated with Faker.js
        - This data can be easily edited using a CSV editor (or even MS Excel) and
          is located in the 'src/main/resources/config/liquibase/fake-data' directory
        - By default this data is applied when running with the JHipster 'dev' profile.
          This can be customized by adding or removing 'faker' in the 'spring.liquibase.contexts'
          Spring Boot configuration key.
    -->
    <changeSet id="20230507175944-1-data" author="jhipster" context="faker">
        <loadData
                  file="config/liquibase/fake-data/book.csv"
                  separator=";"
                  tableName="book"
                  usePreparedStatements="true">
            <column name="id" type="numeric"/>
            <column name="title" type="string"/>
            <column name="author" type="string"/>
            <column name="isbn" type="string"/>
            <column name="publisher" type="string"/>
            <column name="price" type="numeric"/>
            <column name="book_state" type="string"/>
            <column name="issued_date" type="date"/>
            <column name="return_date" type="date"/>
            <column name="created_date" type="date"/>
            <!-- jhipster-needle-liquibase-add-loadcolumn - JHipster (and/or extensions) can add load columns here -->
        </loadData>
    </changeSet>
</databaseChangeLog>
