<?xml version="1.0" encoding="utf-8"?>
<databaseChangeLog
    xmlns="http://www.liquibase.org/xml/ns/dbchangelog"
    xmlns:ext="http://www.liquibase.org/xml/ns/dbchangelog-ext"
    xmlns:xsi="http://www.w3.org/2001/XMLSchema-instance"
    xsi:schemaLocation="http://www.liquibase.org/xml/ns/dbchangelog http://www.liquibase.org/xml/ns/dbchangelog/dbchangelog-latest.xsd
                        http://www.liquibase.org/xml/ns/dbchangelog-ext http://www.liquibase.org/xml/ns/dbchangelog/dbchangelog-ext.xsd">

    <!--
        Added the entity Student.
    -->
    <changeSet id="20230507175525-1" author="jhipster">
        <createTable tableName="student">
            <column name="id" type="bigint" autoIncrement="true">
                <constraints primaryKey="true" nullable="false"/>
            </column>
            <column name="email_id" type="varchar(50)">
                <constraints nullable="false" unique="true" uniqueConstraintName="ux_student__email_id" />
            </column>
            <column name="name" type="varchar(50)">
                <constraints nullable="false" />
            </column>
            <column name="roll_no" type="varchar(50)">
                <constraints nullable="true" />
            </column>
            <column name="joining_date" type="date">
                <constraints nullable="true" />
            </column>
            <!-- jhipster-needle-liquibase-add-column - JHipster will add columns here -->
        </createTable>
    </changeSet>

    <changeSet id="20230507175525-1-relations" author="jhipster">

        <createTable tableName="rel_student__course">
            <column name="course_id" type="bigint">
                <constraints nullable="false"/>
            </column>
            <column name="student_id" type="bigint">
                <constraints nullable="false"/>
            </column>
        </createTable>

        <addPrimaryKey columnNames="student_id, course_id" tableName="rel_student__course"/>

        <createTable tableName="rel_student__book_history">
            <column name="book_history_id" type="bigint">
                <constraints nullable="false"/>
            </column>
            <column name="student_id" type="bigint">
                <constraints nullable="false"/>
            </column>
        </createTable>

        <addPrimaryKey columnNames="student_id, book_history_id" tableName="rel_student__book_history"/>
    </changeSet>

    <!-- jhipster-needle-liquibase-add-changeset - JHipster will add changesets here -->

    <!--
        Load sample data generated with Faker.js
        - This data can be easily edited using a CSV editor (or even MS Excel) and
          is located in the 'src/main/resources/config/liquibase/fake-data' directory
        - By default this data is applied when running with the JHipster 'dev' profile.
          This can be customized by adding or removing 'faker' in the 'spring.liquibase.contexts'
          Spring Boot configuration key.
    -->
    <changeSet id="20230507175525-1-data" author="jhipster" context="faker">
        <loadData
                  file="config/liquibase/fake-data/student.csv"
                  separator=";"
                  tableName="student"
                  usePreparedStatements="true">
            <column name="id" type="numeric"/>
            <column name="email_id" type="string"/>
            <column name="name" type="string"/>
            <column name="roll_no" type="string"/>
            <column name="joining_date" type="date"/>
            <!-- jhipster-needle-liquibase-add-loadcolumn - JHipster (and/or extensions) can add load columns here -->
        </loadData>
    </changeSet>
</databaseChangeLog>
