<?xml version="1.0" encoding="utf-8"?>
<databaseChangeLog
    xmlns="http://www.liquibase.org/xml/ns/dbchangelog"
    xmlns:xsi="http://www.w3.org/2001/XMLSchema-instance"
    xsi:schemaLocation="http://www.liquibase.org/xml/ns/dbchangelog http://www.liquibase.org/xml/ns/dbchangelog/dbchangelog-latest.xsd">
    <property name="now" value="now()" dbms="mysql"/>
    <property name="floatType" value="float" dbms="mysql"/>
    <property name="clobType" value="clob" dbms="mysql"/>
    <property name="blobType" value="longblob" dbms="mysql"/>
    <property name="uuidType" value="varchar(36)" dbms="mysql"/>
    <property name="datetimeType" value="datetime(6)" dbms="mysql"/>

    <include file="config/liquibase/changelog/00000000000000_initial_schema.xml" relativeToChangelogFile="false"/>
    <include file="config/liquibase/changelog/20230507175325_added_entity_CollegeInfo.xml" relativeToChangelogFile="false"/>
    <include file="config/liquibase/changelog/20230507175425_added_entity_Course.xml" relativeToChangelogFile="false"/>
    <include file="config/liquibase/changelog/20230507175525_added_entity_Student.xml" relativeToChangelogFile="false"/>
    <include file="config/liquibase/changelog/20230507175944_added_entity_Book.xml" relativeToChangelogFile="false"/>
    <include file="config/liquibase/changelog/20230507175945_added_entity_BookHistory.xml" relativeToChangelogFile="false"/>
    <!-- jhipster-needle-liquibase-add-changelog - JHipster will add liquibase changelogs here -->
    <include file="config/liquibase/changelog/20230507175525_added_entity_constraints_Student.xml" relativeToChangelogFile="false"/>
    <include file="config/liquibase/changelog/20230507175944_added_entity_constraints_Book.xml" relativeToChangelogFile="false"/>
    <!-- jhipster-needle-liquibase-add-constraints-changelog - JHipster will add liquibase constraints changelogs here -->
    <!-- jhipster-needle-liquibase-add-incremental-changelog - JHipster will add incremental liquibase changelogs here -->
</databaseChangeLog>
