{
  "generator-jhipster": {
    "applicationIndex": 0,
    "applicationType": "monolith",
    "authenticationType": "jwt",
    "baseName": "LibraryMangement",
    "blueprints": [],
    "buildTool": "maven",
    "cacheProvider": "ehcache",
    "clientFramework": "angularX",
    "clientPackageManager": "npm",
    "clientTheme": "none",
    "clientThemeVariant": "",
    "creationTimestamp": 1683481945405,
    "databaseType": "sql",
    "devDatabaseType": "mysql",
    "devServerPort": 4200,
    "dtoSuffix": "DTO",
    "enableGradleEnterprise": false,
    "enableHibernateCache": true,
    "enableSwaggerCodegen": false,
    "enableTranslation": true,
    "entities": ["CollegeInfo", "Course", "Student", "Book", "BookHistory"],
    "entitySuffix": "",
    "gradleEnterpriseHost": "",
    "jhiPrefix": "jhi",
    "jhipsterVersion": "7.9.3",
    "jwtSecretKey": "NTliZjEzMmJiOWM4MjVhYzA2ZGNjZTM1ZDRhZDg3YTczZGUwYTlmZTMwMzVjMzQ3NDcyOWQ5NTlmODc5OTdjZjQ1ODQ4ZWEwZGNlNmFmNWIzNThkYzkzYzYyY2ViMWU0NTA0ZTgzMWQwZTVlNmJjN2Y5MDNmNjdhNTc5N2I4ZjQ=",
    "languages": ["en"],
    "lastLiquibaseTimestamp": 1683482385000,
    "messageBroker": false,
    "nativeLanguage": "en",
    "otherModules": [],
    "packageFolder": "com/dp/lms",
    "packageName": "com.dp.lms",
    "pages": [],
    "prodDatabaseType": "mysql",
    "reactive": false,
    "searchEngine": false,
    "serverPort": "8080",
    "serviceDiscoveryType": false,
    "skipCheckLengthOfIdentifier": false,
    "skipClient": false,
    "skipFakeData": false,
    "skipUserManagement": false,
    "testFrameworks": [],
    "websocket": false,
    "withAdminUi": true
  }
}
