{
  "applications": ["LibraryMangement"],
  "changelogDate": "20230507175325",
  "dto": "no",
  "embedded": false,
  "entityTableName": "college_info",
  "fields": [
    {
      "fieldName": "name",
      "fieldType": "String",
      "fieldValidateRules": ["required", "unique", "maxlength"],
      "fieldValidateRulesMaxlength": "50"
    },
    {
      "fieldName": "contactNo",
      "fieldType": "String",
      "fieldValidateRules": ["required", "maxlength"],
      "fieldValidateRulesMaxlength": "10"
    },
    {
      "fieldName": "address",
      "fieldType": "String",
      "fieldValidateRules": ["maxlength"],
      "fieldValidateRulesMaxlength": "100"
    },
    {
      "fieldName": "city",
      "fieldType": "String",
      "fieldValidateRules": ["required", "maxlength"],
      "fieldValidateRulesMaxlength": "50"
    }
  ],
  "fluentMethods": true,
  "jpaMetamodelFiltering": false,
  "name": "CollegeInfo",
  "pagination": "no",
  "readOnly": false,
  "relationships": [],
  "service": "no"
}
