{
  "applications": ["LibraryMangement"],
  "changelogDate": "20230507175425",
  "dto": "no",
  "embedded": false,
  "entityTableName": "course",
  "fields": [
    {
      "fieldName": "name",
      "fieldType": "String",
      "fieldValidateRules": ["required", "maxlength"],
      "fieldValidateRulesMaxlength": "10"
    }
  ],
  "fluentMethods": true,
  "jpaMetamodelFiltering": false,
  "name": "Course",
  "pagination": "no",
  "readOnly": false,
  "relationships": [
    {
      "otherEntityName": "student",
      "otherEntityRelationshipName": "course",
      "ownerSide": false,
      "relationshipName": "student",
      "relationshipType": "many-to-many"
    },
    {
      "otherEntityName": "book",
      "otherEntityRelationshipName": "course",
      "ownerSide": false,
      "relationshipName": "book",
      "relationshipType": "many-to-many"
    }
  ],
  "service": "no"
}
