{
  "applications": ["LibraryMangement"],
  "changelogDate": "20230507175525",
  "dto": "no",
  "embedded": false,
  "entityTableName": "student",
  "fields": [
    {
      "fieldName": "emailId",
      "fieldType": "String",
      "fieldValidateRules": ["required", "unique", "maxlength"],
      "fieldValidateRulesMaxlength": "50"
    },
    {
      "fieldName": "name",
      "fieldType": "String",
      "fieldValidateRules": ["required", "maxlength"],
      "fieldValidateRulesMaxlength": "50"
    },
    {
      "fieldName": "rollNo",
      "fieldType": "String",
      "fieldValidateRules": ["maxlength"],
      "fieldValidateRulesMaxlength": "50"
    },
    {
      "fieldName": "joiningDate",
      "fieldType": "LocalDate"
    }
  ],
  "fluentMethods": true,
  "jpaMetamodelFiltering": false,
  "name": "Student",
  "pagination": "no",
  "readOnly": false,
  "relationships": [
    {
      "otherEntityName": "course",
      "otherEntityRelationshipName": "student",
      "ownerSide": true,
      "relationshipName": "course",
      "relationshipType": "many-to-many"
    },
    {
      "otherEntityName": "bookHistory",
      "otherEntityRelationshipName": "student",
      "ownerSide": true,
      "relationshipName": "bookHistory",
      "relationshipType": "many-to-many"
    },
    {
      "otherEntityName": "book",
      "otherEntityRelationshipName": "student",
      "ownerSide": false,
      "relationshipName": "book",
      "relationshipType": "many-to-many"
    }
  ],
  "service": "no"
}
