id;title;author;isbn;publisher;price;book_state;issued_date;return_date;created_date
1;Java;John;1234567890;ABC;100;AVAILABLE;2019-01-01;2019-01-01;2019-01-01
2;Python;John;1234567890;ABC;100;AVAILABLE;2019-01-01;2019-01-01;2019-01-01
3;C;John;1234567890;ABC;100;AVAILABLE;2019-01-01;2019-01-01;2019-01-01
4;C++;John;1234567890;ABC;100;AVAILABLE;2019-01-01;2019-01-01;2019-01-01
5;C#;John;1234567890;ABC;100;AVAILABLE;2019-01-01;2019-01-01;2019-01-01
6;JavaScript;John;1234567890;ABC;100;AVAILABLE;2019-01-01;2019-01-01;2019-01-01
7;english;John;1234567890;ABC;100;AVAILABLE;2019-01-01;2019-01-01;2019-01-01
8;maths;John;1234567890;ABC;100;AVAILABLE;2019-01-01;2019-01-01;2019-01-01